/*
Navicat MySQL Data Transfer

Source Server         : 127.0.0.1
Source Server Version : 50540
Source Host           : localhost:3306
Source Database       : test

Target Server Type    : MYSQL
Target Server Version : 50540
File Encoding         : 65001

Date: 2018-06-06 23:24:18
*/

SET FOREIGN_KEY_CHECKS=0;

-- ----------------------------
-- Table structure for resources
-- ----------------------------
DROP TABLE IF EXISTS `resources`;
CREATE TABLE `resources` (
  `id` int(11) NOT NULL AUTO_INCREMENT,
  `name` varchar(255) DEFAULT NULL COMMENT '资源名称',
  `resUrl` varchar(255) DEFAULT NULL COMMENT '资源url',
  `type` int(11) DEFAULT NULL COMMENT '资源类型   1:菜单    2：按钮',
  `parentId` int(11) DEFAULT NULL COMMENT '父资源',
  `sort` int(11) DEFAULT NULL COMMENT '排序',
  PRIMARY KEY (`id`)
) ENGINE=InnoDB AUTO_INCREMENT=14 DEFAULT CHARSET=utf8;

-- ----------------------------
-- Records of resources
-- ----------------------------
INSERT INTO `resources` VALUES ('1', '系统设置', '/system', '0', '0', '1');
INSERT INTO `resources` VALUES ('2', '用户管理', '/usersPage', '1', '1', '2');
INSERT INTO `resources` VALUES ('3', '角色管理', '/rolesPage', '1', '1', '3');
INSERT INTO `resources` VALUES ('4', '资源管理', '/resourcesPage', '1', '1', '4');
INSERT INTO `resources` VALUES ('5', '添加用户', '/users/add', '2', '2', '5');
INSERT INTO `resources` VALUES ('6', '删除用户', '/users/delete', '2', '2', '6');
INSERT INTO `resources` VALUES ('7', '添加角色', '/roles/add', '2', '3', '7');
INSERT INTO `resources` VALUES ('8', '删除角色', '/roles/delete', '2', '3', '8');
INSERT INTO `resources` VALUES ('9', '添加资源', '/resources/add', '2', '4', '9');
INSERT INTO `resources` VALUES ('10', '删除资源', '/resources/delete', '2', '4', '10');
INSERT INTO `resources` VALUES ('11', '分配角色', '/users/saveUserRoles', '2', '2', '11');
INSERT INTO `resources` VALUES ('13', '分配权限', '/roles/saveRoleResources', '2', '3', '12');

-- ----------------------------
-- Table structure for role
-- ----------------------------
DROP TABLE IF EXISTS `role`;
CREATE TABLE `role` (
  `id` int(11) NOT NULL AUTO_INCREMENT,
  `roleDesc` varchar(255) DEFAULT NULL,
  PRIMARY KEY (`id`)
) ENGINE=InnoDB AUTO_INCREMENT=4 DEFAULT CHARSET=utf8;

-- ----------------------------
-- Records of role
-- ----------------------------
INSERT INTO `role` VALUES ('1', '管理员');
INSERT INTO `role` VALUES ('2', '普通用户');
INSERT INTO `role` VALUES ('3', '超级管理员');

-- ----------------------------
-- Table structure for role_resources
-- ----------------------------
DROP TABLE IF EXISTS `role_resources`;
CREATE TABLE `role_resources` (
  `roleId` int(11) NOT NULL,
  `resourcesId` int(11) NOT NULL,
  PRIMARY KEY (`roleId`,`resourcesId`)
) ENGINE=InnoDB DEFAULT CHARSET=utf8;

-- ----------------------------
-- Records of role_resources
-- ----------------------------
INSERT INTO `role_resources` VALUES ('1', '2');
INSERT INTO `role_resources` VALUES ('1', '3');
INSERT INTO `role_resources` VALUES ('1', '4');
INSERT INTO `role_resources` VALUES ('1', '5');
INSERT INTO `role_resources` VALUES ('1', '6');
INSERT INTO `role_resources` VALUES ('1', '7');
INSERT INTO `role_resources` VALUES ('1', '8');
INSERT INTO `role_resources` VALUES ('1', '9');
INSERT INTO `role_resources` VALUES ('1', '10');
INSERT INTO `role_resources` VALUES ('1', '11');
INSERT INTO `role_resources` VALUES ('1', '13');
INSERT INTO `role_resources` VALUES ('2', '2');
INSERT INTO `role_resources` VALUES ('2', '3');
INSERT INTO `role_resources` VALUES ('2', '4');
INSERT INTO `role_resources` VALUES ('2', '9');
INSERT INTO `role_resources` VALUES ('3', '2');
INSERT INTO `role_resources` VALUES ('3', '3');
INSERT INTO `role_resources` VALUES ('3', '4');
INSERT INTO `role_resources` VALUES ('3', '5');
INSERT INTO `role_resources` VALUES ('3', '7');
INSERT INTO `role_resources` VALUES ('3', '8');
INSERT INTO `role_resources` VALUES ('3', '9');
INSERT INTO `role_resources` VALUES ('3', '10');
INSERT INTO `role_resources` VALUES ('9', '9');

-- ----------------------------
-- Table structure for user
-- ----------------------------
DROP TABLE IF EXISTS `user`;
CREATE TABLE `user` (
  `id` bigint(20) NOT NULL,
  `age` int(11) DEFAULT NULL,
  `password` varchar(20) DEFAULT NULL,
  `user_name` varchar(255) DEFAULT NULL,
  PRIMARY KEY (`id`)
) ENGINE=InnoDB DEFAULT CHARSET=utf8;

-- ----------------------------
-- Records of user
-- ----------------------------
INSERT INTO `user` VALUES ('1', '12', '123', 'admin');
INSERT INTO `user` VALUES ('2', '23', '3', 'manager');
INSERT INTO `user` VALUES ('23', '12', '123', 'xcc');

-- ----------------------------
-- Table structure for userinfo
-- ----------------------------
DROP TABLE IF EXISTS `userinfo`;
CREATE TABLE `userinfo` (
  `uid` int(11) NOT NULL,
  `name` varchar(20) DEFAULT NULL,
  `password` varchar(20) DEFAULT NULL,
  `salt` varchar(20) DEFAULT NULL,
  `state` tinyint(4) DEFAULT NULL,
  `username` varchar(20) DEFAULT NULL,
  PRIMARY KEY (`uid`)
) ENGINE=InnoDB DEFAULT CHARSET=utf8;

-- ----------------------------
-- Records of userinfo
-- ----------------------------

-- ----------------------------
-- Table structure for user_role
-- ----------------------------
DROP TABLE IF EXISTS `user_role`;
CREATE TABLE `user_role` (
  `userId` int(11) DEFAULT NULL,
  `roleId` int(11) DEFAULT NULL
) ENGINE=InnoDB DEFAULT CHARSET=utf8;

-- ----------------------------
-- Records of user_role
-- ----------------------------
INSERT INTO `user_role` VALUES ('23', '2');
INSERT INTO `user_role` VALUES ('1', '1');
INSERT INTO `user_role` VALUES ('2', '2');
